{"cameraMode":{"drawMode":0,"name":"Shaded","section":"Shading Mode"},"sceneLighting":true,"audioPlay":false,"sceneViewState":{"m_AlwaysRefresh":false,"showFog":true,"showSkybox":true,"showFlares":true,"showImageEffects":true,"showParticleSystems":true,"showVisualEffectGraphs":true,"m_FxEnabled":true},"in2DMode":false,"pivot":{"x":-1.0349936485290528,"y":-3.8760581016540529,"z":10.354951858520508},"rotation":{"x":-0.16364149749279023,"y":0.015088004060089589,"z":-0.002503214171156287,"w":-0.9864030480384827},"size":10.519932746887207,"orthographic":false}